adCode,postcode
110000,100000
110100,100000
110101,100000
110102,100000
110105,100000
110106,100000
110107,100000
110108,100000
110109,102300
110111,102400
110112,101100
110113,101300
110114,102200
110115,102600
110116,101400
110117,101200
110118,101500
110119,102100
120000,300000
120100,300000
120101,300000
120102,300000
120103,300000
120104,300000
120105,300000
120106,300000
120110,300000
120111,300000
120112,300000
120113,300000
120114,301700
120115,301800
120116,300457
120117,301500
120118,301600
120119,301900
130000,050000
130100,050000
130102,050000
130104,050000
130105,050000
130107,050100
130108,050000
130109,052160
130110,050200
130111,051430
130121,050300
130123,050800
130125,050600
130126,050500
130127,051330
130128,052500
130129,051230
130130,052460
130131,050400
130132,051130
130133,051530
130171,050000
130172,050000
130181,052360
130183,052200
130184,050700
130200,063000
130202,063000
130203,063000
130204,063100
130205,063000
130207,063300
130208,063000
130209,063200
130224,063500
130225,063600
130227,064300
130229,064100
130271,063000
130272,063000
130273,063000
130274,063000
130281,064200
130283,064400
130284,063700
130300,066000
130302,066000
130303,066200
130304,066100
130306,066300
130321,066500
130322,066600
130324,066400
130371,066000
130372,066311
130400,056000
130402,056000
130403,056000
130404,056000
130406,056200
130407,057550
130408,057150
130423,056600
130424,056700
130425,056900
130426,056400
130427,056500
130430,057450
130431,057350
130432,057650
130433,057750
130434,056800
130435,057250
130471,056000
130473,056000
130481,056300
130500,054000
130502,054000
130503,054000
130521,054000
130522,054300
130523,054200
130524,055450
130525,055350
130526,055150
130527,054400
130528,055550
130529,055250
130530,051730
130531,054600
130532,054500
130533,054700
130534,054800
130535,054900
130571,054000
130581,051800
130582,054100
130600,071000
130602,071052
130606,071000
130607,072150
130608,071100
130609,072550
130623,074100
130624,073200
130626,072650
130627,072350
130628,071500
130629,071700
130630,074300
130631,072450
130632,071600
130633,074200
130634,073100
130635,071400
130636,072250
130637,071300
130638,071800
130671,071000
130672,071000
130681,072750
130682,073000
130683,071200
130684,074000
130700,075000
130702,075000
130703,075000
130705,075000
130706,075300
130708,076250
130709,076350
130722,076450
130723,076650
130724,076550
130725,076750
130726,075700
130727,075800
130728,076150
130730,075400
130731,075600
130732,075500
130771,075000
130772,075000
130773,075000
130800,067000
130802,067000
130803,067000
130804,067200
130821,067400
130822,067300
130824,068250
130825,068150
130826,068350
130827,067600
130828,068450
130871,067000
130881,067500
130900,061000
130902,061000
130903,061000
130921,061000
130922,062650
130923,061600
130924,061200
130925,061300
130926,062350
130927,061500
130928,061800
130929,062250
130930,061400
130971,061000
130972,061000
130973,061000
130981,062150
130982,062550
130983,061100
130984,062450
131000,065000
131002,065000
131003,065000
131022,065500
131023,065600
131024,065400
131025,065900
131026,065800
131028,065300
131071,065000
131081,065700
131082,065200
131100,053000
131102,053000
131103,053200
131121,053100
131122,053400
131123,053300
131124,053900
131125,053600
131126,053800
131127,053500
131128,053700
131171,053000
131172,053000
131182,053800
140000,030000
140100,030000
140105,030000
140106,030000
140107,030000
140108,030000
140109,030000
140110,030000
140121,030400
140122,030100
140123,030300
140171,030000
140181,030200
140200,037000
140212,037002
140213,037008
140214,037001
140215,037300
140221,038100
140222,038200
140223,037500
140224,034400
140225,037400
140226,037100
140271,037000
140300,045000
140302,045000
140303,045000
140311,045000
140321,045200
140322,045100
140400,046000
140403,046000
140404,047100
140405,046100
140406,047500
140423,046200
140425,047400
140426,047600
140427,047300
140428,046600
140429,046300
140430,046400
140431,046500
140471,046000
140500,048000
140502,048000
140521,048200
140522,048100
140524,048300
140525,048000
140581,048400
140600,036000
140602,036002
140603,036800
140621,036900
140622,037600
140623,037200
140671,036000
140681,038300
140700,030600
140702,030600
140721,031800
140722,032600
140723,032700
140724,045300
140725,045400
140726,030600
140727,030900
140728,031100
140729,031300
140781,032000
140800,044000
140802,044000
140821,044100
140822,044200
140823,043800
140824,043200
140825,043100
140826,043600
140827,043700
140828,044400
140829,044300
140830,044600
140881,044500
140882,043300
140900,034000
140902,034000
140921,035400
140922,035500
140923,034200
140924,034300
140925,036000
140926,035100
140927,036100
140928,036200
140929,036300
140930,036500
140931,036600
140932,036400
140971,034000
140981,034100
141000,041000
141002,041000
141021,043400
141022,043500
141023,041500
141024,031600
141025,042400
141026,042500
141027,042600
141028,042200
141029,042100
141030,042300
141031,041300
141032,041400
141033,041200
141034,031500
141081,043000
141082,031400
141100,033000
141102,033000
141121,032100
141122,030500
141123,033600
141124,033200
141125,033300
141126,032500
141127,035200
141128,033100
141129,033400
141130,032400
141181,032300
141182,032200
150000,010000
150100,010000
150102,010000
150103,010000
150104,010000
150105,010020
150121,010100
150122,010200
150123,011500
150124,011600
150125,011700
150171,010000
150172,010000
150200,014000
150202,014000
150203,014010
150204,014000
150205,014070
150206,014080
150207,014060
150221,014100
150222,014200
150223,014500
150271,014000
150300,016000
150302,016000
150303,016000
150304,016000
150400,024000
150402,024000
150403,024000
150404,024000
150421,025500
150422,025450
150423,025150
150424,025250
150425,025350
150426,024500
150428,024400
150429,024200
150430,024300
150500,028000
150502,028000
150521,029300
150522,028100
150523,028400
150524,028200
150525,028300
150526,029100
150571,028000
150581,029200
150600,017000
150602,017000
150603,017000
150621,014300
150622,017100
150623,016200
150624,016100
150625,017400
150626,017300
150627,017200
150700,021000
150702,021000
150703,021410
150721,162750
150722,162850
150723,022450
150724,021100
150725,021500
150726,021200
150727,021300
150781,021400
150782,022150
150783,162650
150784,022250
150785,022350
150800,015000
150802,015000
150821,015100
150822,015200
150823,014400
150824,015300
150825,015500
150826,015400
150900,012000
150902,012000
150921,012300
150922,013350
150923,013400
150924,013650
150925,013750
150926,012200
150927,013500
150928,012400
150929,011800
150981,012100
152200,137400
152201,137400
152202,137400
152221,137400
152222,029400
152223,137600
152224,137500
152500,026000
152501,012600
152502,026000
152522,011400
152523,011300
152524,011200
152525,026300
152526,026200
152527,027000
152528,013250
152529,013800
152530,027200
152531,027300
152571,026000
152900,750300
152921,750300
152922,737300
152923,735400
152971,750300
210000,110000
210100,110000
210102,110000
210103,110000
210104,110000
210105,110000
210106,110020
210111,110101
210112,110000
210113,110000
210114,110000
210115,110200
210123,110500
210124,110400
210181,110300
210200,116000
210202,116000
210203,116000
210204,116000
210211,116000
210212,116000
210213,116000
210214,116200
210224,116500
210281,116300
210283,116400
210300,114000
210302,114000
210303,114000
210304,114031
210311,114000
210321,114100
210323,114300
210381,114200
210400,113000
210402,113000
210403,113000
210404,113000
210411,113000
210421,113100
210422,113200
210423,113300
210500,117000
210502,117000
210503,117000
210504,117000
210505,117000
210521,117100
210522,117200
210600,118000
210602,118000
210603,118000
210604,118000
210624,118200
210681,118300
210682,118100
210700,121000
210702,121000
210703,121000
210711,121000
210726,121400
210727,121100
210781,121200
210782,121300
210800,115000
210802,115000
210803,115000
210804,115000
210811,115000
210881,115200
210882,115100
210900,123000
210902,123000
210903,123000
210904,123000
210905,123000
210911,123000
210921,123100
210922,123200
211000,111000
211002,111000
211003,111000
211004,111000
211005,111000
211011,111000
211021,111200
211081,111300
211100,124000
211102,124000
211103,124000
211104,124200
211122,124100
211200,112000
211202,112000
211204,112000
211221,112600
211223,112400
211224,112500
211281,112700
211282,112300
211300,122000
211302,122000
211303,122000
211321,122000
211322,122400
211324,122300
211381,122100
211382,122500
211400,125000
211402,125000
211403,125000
211404,125000
211421,125200
211422,125300
211481,125100
220000,130000
220100,130000
220102,130000
220103,130000
220104,130000
220105,130000
220106,130000
220112,130600
220113,130500
220122,130200
220171,130000
220172,130000
220173,130000
220174,130000
220182,130400
220183,130300
220200,132000
220202,132000
220203,132000
220204,132000
220211,132000
220221,132100
220271,132000
220272,132000
220273,132000
220281,132500
220282,132400
220283,132600
220284,132300
220300,136000
220302,136000
220303,136000
220322,136500
220323,130700
220381,136100
220382,136400
220400,136200
220402,136200
220403,136200
220421,136300
220422,136600
220500,134000
220502,134000
220503,134000
220521,134100
220523,135100
220524,135300
220581,135000
220582,134200
220600,134300
220602,134300
220605,134700
220621,134500
220622,135200
220623,134400
220681,134600
220700,138000
220702,138000
220721,131100
220722,131500
220723,131400
220771,138000
220781,131200
220800,137000
220802,137000
220821,137300
220822,137200
220871,137000
220881,137100
220882,131300
222400,133000
222401,133000
222402,133100
222403,133700
222404,133300
222405,133400
222406,133500
222424,133200
222426,133600
230000,150000
230100,150000
230102,150000
230103,150000
230104,150000
230108,150000
230109,150000
230110,150000
230111,150500
230112,150000
230113,150100
230123,154800
230124,150800
230125,150400
230126,151800
230127,151900
230128,150900
230129,150700
230183,150600
230184,150200
230200,161000
230202,161000
230203,161000
230204,161000
230205,161000
230206,161000
230207,161000
230208,161000
230221,161100
230223,161500
230224,162400
230225,162100
230227,161200
230229,161600
230230,164800
230231,164700
230281,161300
230300,158100
230302,158100
230303,158100
230304,158100
230305,158100
230306,158100
230307,158100
230321,158200
230381,158400
230382,158300
230400,154100
230402,154100
230403,154100
230404,154100
230405,154100
230406,154100
230407,154100
230421,154200
230422,156200
230500,155100
230502,155100
230503,155100
230505,155100
230506,155100
230521,155900
230522,155800
230523,155600
230524,155700
230600,163000
230602,163000
230603,163000
230604,163000
230605,163000
230606,163000
230621,166400
230622,166500
230623,166300
230624,166200
230671,163000
230700,153000
230717,153000
230718,153000
230719,153031
230722,153200
230723,153000
230724,153000
230725,153106
230726,153100
230751,153000
230781,152500
230800,154000
230803,154000
230804,154000
230805,154000
230811,154000
230822,154400
230826,154300
230828,154700
230881,156400
230882,156100
230883,156500
230900,154600
230902,154600
230903,154600
230904,154600
230921,154500
231000,157000
231002,157000
231003,157000
231004,157000
231005,157000
231025,157600
231071,157000
231081,157300
231083,157100
231084,157400
231085,157500
231086,157200
231100,164300
231102,164300
231123,164400
231124,164200
231181,164000
231182,164100
231183,161400
231200,152000
231202,152000
231221,152100
231222,151500
231223,151600
231224,152400
231225,151700
231226,152200
231281,151400
231282,151100
231283,152300
232700,165000
232701,165300
232721,165100
232722,165200
232761,165000
232762,165020
232763,165010
232764,165030
310000,200000
310100,200000
310101,200001
310104,200030
310105,200050
310106,200040
310107,200333
310109,200080
310110,200082
310112,201100
310113,201900
310114,201800
310115,200120
310116,201500
310117,201600
310118,201700
310120,201400
310151,202150
320000,210000
320100,210000
320102,210000
320104,210000
320105,210000
320106,210000
320111,210000
320113,210000
320114,210000
320115,211100
320116,211500
320117,211200
320118,211300
320200,214000
320205,214000
320206,214000
320211,214123
320213,214002
320214,214028
320281,214400
320282,214200
320300,221000
320302,221005
320303,221007
320305,221003
320311,221006
320312,221106
320321,221700
320322,221600
320324,221200
320371,221000
320381,221400
320382,221300
320400,213000
320402,213000
320404,213000
320411,213022
320412,213100
320413,213200
320481,213300
320500,215000
320505,215004
320506,215128
320507,215131
320508,215031
320509,215200
320571,215000
320581,215500
320582,215600
320583,215300
320585,215400
320600,226000
320602,226000
320611,226000
320612,226300
320623,226400
320671,226000
320681,226200
320682,226500
320684,226100
320685,226600
320700,222000
320703,222000
320706,222000
320707,222100
320722,222300
320723,222200
320724,223500
320771,222000
320772,222000
320800,223000
320803,223200
320804,223300
320812,223001
320813,223100
320826,223400
320830,211700
320831,211600
320871,223000
320900,224000
320902,224005
320903,224000
320904,224100
320921,224600
320922,224500
320923,224400
320924,224300
320925,224700
320971,224000
320981,224200
321000,225000
321002,225000
321003,225100
321012,225200
321023,225800
321071,225000
321081,211400
321084,225600
321100,212000
321102,212000
321111,212000
321112,212100
321171,212000
321181,212300
321182,212200
321183,212400
321200,225300
321202,225300
321203,225300
321204,225500
321271,225300
321281,225700
321282,214500
321283,225400
321300,223800
321302,223800
321311,223800
321322,223600
321323,223700
321324,223900
321371,223800
330000,310000
330100,310000
330102,310000
330103,310000
330104,310000
330105,310000
330106,310000
330108,310000
330109,311200
330110,311100
330111,311400
330112,311300
330122,311500
330127,311700
330182,311600
330200,315000
330203,315000
330205,315000
330206,315800
330211,315200
330212,315100
330213,315500
330225,315700
330226,315600
330281,315400
330282,315300
330300,325000
330302,325000
330303,325000
330304,325000
330305,325700
330324,325100
330326,325400
330327,325800
330328,325300
330329,325500
330371,325000
330381,325200
330382,325600
330383,325000
330400,314000
330402,314051
330411,314031
330421,314100
330424,314300
330481,314400
330482,314200
330483,314500
330500,313000
330502,313000
330503,313000
330521,313200
330522,313100
330523,313300
330600,312000
330602,312000
330603,312030
330604,312300
330624,312500
330681,311800
330683,312400
330700,321000
330702,321000
330703,321000
330723,321200
330726,322200
330727,322300
330781,321100
330782,322000
330783,322100
330784,321300
330800,324000
330802,324000
330803,324000
330822,324200
330824,324300
330825,324400
330881,324100
330900,316000
330902,316000
330903,316100
330921,316200
330922,202450
331000,318000
331002,317700
331003,318020
331004,318000
331022,317100
331023,317200
331024,317300
331081,317500
331082,317000
331083,317600
331100,323000
331102,323000
331121,323900
331122,321400
331123,323300
331124,323400
331125,323600
331126,323800
331127,323500
331181,323700
340000,230000
340100,230000
340102,230000
340103,230000
340104,230000
340111,230000
340121,231100
340122,230000
340123,231200
340124,231500
340171,230000
340172,230000
340173,230000
340181,238000
340200,241000
340202,241000
340203,241000
340207,241000
340208,241000
340221,241100
340222,241200
340223,242400
340225,241000
340271,241000
340272,241000
340300,233000
340302,233000
340303,233000
340304,233000
340311,233000
340321,233400
340322,233300
340323,233700
340371,233000
340372,233000
340400,232000
340402,232000
340403,232000
340404,232000
340405,232000
340406,232000
340421,232100
340422,232200
340500,243000
340503,243000
340504,243000
340506,243131
340521,243100
340522,238100
340523,238200
340600,235000
340602,235000
340603,235000
340604,235000
340621,235100
340700,244000
340705,244000
340706,244100
340711,244000
340722,246700
340800,246000
340802,246001
340803,246002
340811,246003
340822,246100
340825,246400
340826,246500
340827,246200
340828,246600
340871,246000
340881,231400
340882,246300
341000,242700
341002,245000
341003,242700
341004,245061
341021,245200
341022,245400
341023,245500
341024,245600
341100,239000
341102,239000
341103,239000
341122,239200
341124,239500
341125,233200
341126,233100
341171,239000
341172,239000
341181,239300
341182,239400
341200,236000
341202,236000
341203,236000
341204,236000
341221,236400
341222,236600
341225,236300
341226,236200
341271,236000
341272,236000
341282,236500
341300,234000
341302,234000
341321,235300
341322,235200
341323,234200
341324,234300
341371,234000
341372,234000
341500,237000
341502,237000
341503,237000
341504,237431
341522,237400
341523,231300
341524,237300
341525,237200
341600,236000
341602,236800
341621,233600
341622,233500
341623,236700
341700,247100
341702,247100
341721,247200
341722,245100
341723,242800
341800,242000
341802,242000
341821,242100
341823,242500
341824,245300
341825,242600
341871,242000
341881,242300
341882,242200
350000,350000
350100,350000
350102,350000
350103,350000
350104,350000
350105,350000
350111,350000
350112,350200
350121,350100
350122,350500
350123,350600
350124,350800
350125,350700
350128,350400
350181,350300
350200,361000
350203,361000
350205,361000
350206,361000
350211,361000
350212,361100
350213,361100
350300,351100
350302,351100
350303,351100
350304,351100
350305,351100
350322,351200
350400,365000
350402,365000
350403,365000
350421,365200
350423,365300
350424,365400
350425,366100
350426,365100
350427,365500
350428,353300
350429,354400
350430,354500
350481,366000
350500,362000
350502,362000
350503,362000
350504,362000
350505,362800
350521,362100
350524,362400
350525,362600
350526,362500
350581,362700
350582,362200
350583,362300
350600,363000
350602,363000
350603,363000
350622,363300
350623,363200
350624,363500
350625,363900
350626,363400
350627,363600
350628,363700
350629,363800
350681,363100
350700,353000
350702,353000
350703,354200
350721,353200
350722,353400
350723,354100
350724,353500
350725,353600
350781,354000
350782,354300
350783,353100
350800,364000
350802,364000
350803,364100
350821,366300
350823,364200
350824,364300
350825,366200
350881,364400
350900,352000
350902,352000
350921,355100
350922,352200
350923,352300
350924,355500
350925,355400
350926,355300
350981,355000
350982,355200
360000,330000
360100,330000
360102,330000
360103,330000
360104,330000
360105,330000
360111,330029
360112,330100
360121,330200
360123,330500
360124,331700
360200,333000
360202,333000
360203,333000
360222,333400
360281,333300
360300,337000
360302,337000
360313,337000
360321,337100
360322,337000
360323,337000
360400,332000
360402,332900
360403,332000
360404,332100
360423,332300
360424,332400
360425,330300
360426,330400
360428,332600
360429,332500
360430,332700
360481,332200
360482,332020
360483,332800
360500,338000
360502,338000
360521,336600
360600,335000
360602,335000
360603,335200
360681,335400
360700,341000
360702,341000
360703,341400
360704,341100
360722,341600
360723,341500
360724,341200
360725,341300
360726,342100
360727,341700
360728,341900
360729,341800
360730,342800
360731,342300
360732,342400
360733,342600
360734,342200
360735,342700
360781,342500
360800,343000
360802,343000
360803,343000
360821,343100
360822,331600
360823,331400
360824,331300
360825,331500
360826,343700
360827,343900
360828,343800
360829,343200
360830,343400
360881,343600
360900,336000
360902,336000
360921,330700
360922,336100
360923,336400
360924,336300
360925,330600
360926,336200
360981,331100
360982,331200
360983,330800
361000,344000
361002,344100
361003,331800
361021,344700
361022,344600
361023,344500
361024,344200
361025,344300
361026,344400
361027,344800
361028,335300
361030,344900
361100,334000
361102,334000
361103,334600
361104,334100
361123,334700
361124,334500
361125,334300
361126,334400
361127,335100
361128,333100
361129,335500
361130,333200
361181,334200
370000,250000
370100,250000
370102,250014
370103,250001
370104,250117
370105,250031
370112,250100
370113,250300
370114,250200
370115,251400
370116,271100
370117,271104
370124,250400
370126,251600
370171,250000
370200,266000
370202,266000
370203,266000
370211,266000
370212,266100
370213,266000
370214,266000
370215,266200
370271,266000
370281,266300
370283,266700
370285,266600
370300,255000
370302,255100
370303,255000
370304,255200
370305,255400
370306,255300
370321,256400
370322,256300
370323,256100
370400,277000
370402,277000
370403,277000
370404,277300
370405,277400
370406,277200
370481,277500
370500,257000
370502,257100
370503,257200
370505,257500
370522,257400
370523,257300
370571,257000
370572,257000
370600,264000
370602,264000
370611,265500
370612,264100
370613,264000
370634,265800
370671,264000
370672,264000
370681,265700
370682,265200
370683,261400
370684,265600
370685,265400
370686,265300
370687,265100
370700,261000
370702,261000
370703,261100
370704,261200
370705,261000
370724,262600
370725,262400
370772,261000
370781,262500
370782,262200
370783,262700
370784,262100
370785,261500
370786,261300
370800,272000
370811,272000
370812,272000
370826,277600
370827,272300
370828,272200
370829,272400
370830,272500
370831,273200
370832,272600
370871,272000
370881,273100
370883,273500
370900,271000
370902,271000
370911,271000
370921,271400
370923,271500
370982,271200
370983,271600
371000,264200
371002,264200
371003,266440
371071,264200
371072,264200
371073,264200
371082,264300
371083,264500
371100,276800
371102,276800
371103,276800
371121,262300
371122,276500
371171,276800
371300,276000
371302,276000
371311,276000
371312,276000
371321,276300
371322,276100
371323,276400
371324,277700
371325,273400
371326,273300
371327,276600
371328,276200
371329,276700
371371,276000
371372,276000
371373,276000
371400,253000
371402,253000
371403,253500
371422,253400
371423,253700
371424,251500
371425,251100
371426,253100
371427,253200
371428,253300
371471,253000
371472,253000
371481,253600
371482,251200
371500,252000
371502,252000
371503,252100
371521,252300
371522,252400
371524,252200
371525,252500
371526,252800
371581,252600
371600,256600
371602,256600
371603,256800
371621,251700
371622,251800
371623,251900
371625,256500
371681,256200
371700,274000
371702,274000
371703,274100
371721,274400
371722,274300
371723,274200
371724,274900
371725,274700
371726,274600
371728,274500
371771,274000
371772,274000
410000,450000
410100,450000
410102,450000
410103,450000
410104,450000
410105,450000
410106,450041
410108,450053
410122,451450
410171,450000
410172,450000
410173,450000
410181,451200
410182,450100
410183,452370
410184,451100
410185,452470
410200,475000
410202,475000
410203,475000
410204,475000
410205,475000
410212,475100
410221,475200
410222,475400
410223,475500
410225,475300
410300,471000
410302,471000
410303,471000
410304,471002
410305,471000
410306,471000
410311,471000
410322,471100
410323,471800
410324,471500
410325,471400
410326,471200
410327,471600
410328,471700
410329,471300
410371,471000
410381,471900
410400,467000
410402,467000
410403,467000
410404,467000
410411,467000
410421,467400
410422,467200
410423,467300
410425,467100
410471,467000
410472,467000
410481,462500
410482,467500
410500,455000
410502,455000
410503,455000
410505,455000
410506,455000
410522,455100
410523,456150
410526,456400
410527,456300
410571,455000
410581,456500
410600,458000
410602,458000
410603,458000
410611,458000
410621,456250
410622,456750
410671,458000
410700,453000
410702,453000
410703,453000
410704,453011
410711,453002
410721,453700
410724,453800
410725,453500
410726,453200
410727,453300
410771,453000
410772,453000
410773,453000
410781,453100
410782,453600
410783,453400
410800,454000
410802,454150
410803,454150
410804,454150
410811,454150
410821,454350
410822,454450
410823,454950
410825,454850
410871,454650
410882,454550
410883,454750
410900,457000
410902,457001
410922,457300
410923,457400
410926,457500
410927,457600
410928,457100
410971,457000
410972,457000
411000,461000
411002,461000
411003,461100
411024,461200
411025,452670
411071,461000
411081,461670
411082,461500
411100,462000
411102,462000
411103,462300
411104,462300
411121,462400
411122,462600
411171,462000
411200,472000
411202,472000
411203,472100
411221,472400
411224,472200
411271,472000
411281,472300
411282,472500
411300,473000
411302,473000
411303,473000
411321,474650
411322,473200
411323,474550
411324,474250
411325,474350
411326,474450
411327,473300
411328,473400
411329,473500
411330,474750
411371,473000
411372,473000
411381,474150
411400,476000
411402,476000
411403,476000
411421,476800
411422,476900
411423,476700
411424,476200
411425,476300
411426,476400
411471,476000
411472,476000
411481,476600
411500,464000
411502,464000
411503,464000
411521,464200
411522,465450
411523,465550
411524,465350
411525,465200
411526,465150
411527,464400
411528,464300
411571,464000
411600,466000
411602,466000
411603,466700
411621,461300
411622,466600
411623,466100
411624,466300
411625,477150
411627,475400
411628,477200
411671,466000
411681,466200
411700,463000
411702,463000
411721,463900
411722,463800
411723,463400
411724,463600
411725,463200
411726,463700
411727,463300
411728,463100
411729,463500
411771,463000
419001,459000
420000,430000
420100,430000
420102,430014
420103,430000
420104,430000
420105,430050
420106,430000
420107,430080
420111,430070
420112,430040
420113,430090
420114,430100
420115,430200
420116,432200
420117,431400
420200,435000
420202,435000
420203,435001
420204,435000
420205,435000
420222,435200
420281,435100
420300,442000
420302,442000
420303,442000
420304,442500
420322,442600
420323,442200
420324,442300
420325,442100
420381,442700
420500,443000
420502,443000
420503,443000
420504,443000
420505,443000
420506,443100
420525,444200
420526,443700
420527,443600
420528,443500
420529,443400
420581,443000
420582,444100
420583,443200
420600,441000
420602,441000
420606,441000
420607,441100
420624,441500
420625,441700
420626,441600
420682,441800
420683,441200
420684,441400
420700,436000
420702,436000
420703,436000
420704,436000
420800,448000
420802,448000
420804,448000
420822,448200
420881,431900
420882,431800
420900,432000
420902,432100
420921,432900
420922,432800
420923,432500
420981,432400
420982,432600
420984,432300
421000,434000
421002,434000
421003,434020
421022,434300
421023,433300
421024,434100
421071,434000
421081,434400
421083,433200
421087,434200
421100,438000
421102,438000
421121,438000
421122,438400
421123,438600
421124,438700
421125,438200
421126,435300
421127,435500
421171,438000
421181,438300
421182,435400
421200,437000
421202,437000
421221,437200
421222,437400
421223,437500
421224,437600
421281,437300
421300,441300
421303,441300
421321,441309
421381,432700
422800,445000
422801,445000
422802,445400
422822,445300
422823,444300
422825,445500
422826,445600
422827,445700
422828,445800
429000,433000
429004,433000
429005,433100
429006,431700
429021,442400
430000,410000
430100,410000
430102,410000
430103,410000
430104,410000
430105,410000
430111,410000
430112,410200
430121,410100
430181,410300
430182,410600
430200,412000
430202,412000
430203,412000
430204,412000
430211,412000
430212,412000
430223,412300
430224,412400
430225,412500
430271,410000
430281,412200
430300,411100
430302,411100
430304,411100
430321,411200
430371,410000
430372,410000
430373,410000
430381,411400
430382,411300
430400,421000
430405,421000
430406,421000
430407,421000
430408,421000
430412,421000
430421,421200
430422,421100
430423,421300
430424,421400
430426,421600
430471,421000
430472,421000
430473,421000
430481,421800
430482,421500
430500,422000
430502,422000
430503,422000
430511,422000
430522,422900
430523,422100
430524,422200
430525,422300
430527,422600
430528,422700
430529,422500
430581,422400
430582,422800
430600,414000
430602,414000
430603,414000
430611,414000
430621,414100
430623,414200
430624,410500
430626,410400
430671,414000
430681,414400
430682,414300
430700,415000
430702,415000
430703,415100
430721,415600
430722,415900
430723,415500
430724,415200
430725,415700
430726,415300
430771,415000
430781,415400
430800,427000
430802,427000
430811,427400
430821,427200
430822,427100
430900,413000
430902,413000
430903,413000
430921,413200
430922,413400
430923,413500
430971,413000
430972,413000
430981,413100
431000,423000
431002,423000
431003,423000
431021,424400
431022,424200
431023,423300
431024,424500
431025,424300
431026,424100
431027,423500
431028,423600
431081,423400
431100,425000
431102,425000
431103,425000
431121,426100
431122,425900
431123,425200
431124,425300
431125,425400
431126,425600
431127,425800
431128,425700
431129,425500
431171,425000
431172,425000
431173,425000
431200,418000
431202,418000
431221,418000
431222,419600
431223,419500
431224,419300
431225,418300
431226,419400
431227,419200
431228,419100
431229,418400
431230,418500
431271,418000
431281,418200
431300,417000
431302,417000
431321,417700
431322,417600
431381,417500
431382,417100
433100,416000
433101,416000
433122,416100
433123,416200
433124,416400
433125,416500
433126,416300
433127,416700
433130,416800
433173,416000
440000,510000
440100,510000
440103,510000
440104,510000
440105,510000
440106,510000
440111,510000
440112,510700
440113,511400
440114,510800
440115,511458
440117,510900
440118,511300
440200,512000
440203,512000
440204,512000
440205,512100
440222,512500
440224,512300
440229,512600
440232,512600
440233,511100
440281,512200
440282,512400
440300,518000
440303,518000
440304,518000
440305,518000
440306,518100
440307,518116
440308,518000
440309,518109
440310,518118
440311,518106
440400,519000
440402,519000
440403,519100
440404,519090
440500,515000
440507,515000
440511,515000
440512,515000
440513,515100
440514,515100
440515,515800
440523,515900
440600,528000
440604,528000
440605,528200
440606,528300
440607,528100
440608,528500
440700,529000
440703,529000
440704,529000
440705,529100
440781,529200
440783,529300
440784,529700
440785,529400
440800,524000
440802,524000
440803,524000
440804,524000
440811,524000
440823,524300
440825,524100
440881,524400
440882,524200
440883,524500
440900,525000
440902,525000
440904,525400
440981,525200
440982,525100
440983,525300
441200,526000
441202,526000
441203,526000
441204,526100
441223,526300
441224,526400
441225,526500
441226,526600
441284,526200
441300,516000
441302,516000
441303,516200
441322,516100
441323,516300
441324,516800
441400,514000
441402,514000
441403,514787
441422,514200
441423,514300
441424,514400
441426,514600
441427,514100
441481,514500
441500,516600
441502,516600
441521,516400
441523,516700
441581,516500
441600,517000
441602,517000
441621,517400
441622,517300
441623,517100
441624,517200
441625,517500
441700,529500
441702,529500
441704,529900
441721,529800
441781,529600
441800,511500
441802,511500
441803,511810
441821,511600
441823,513100
441825,513200
441826,513300
441881,513000
441882,513400
441900,523000
442000,528400
445100,521000
445102,521000
445103,515638
445122,515700
445200,522000
445202,522000
445203,515500
445222,515400
445224,515200
445281,515300
445300,527300
445302,527300
445303,527500
445321,527400
445322,527100
445381,527200
450000,530000
450100,530000
450102,530000
450103,530000
450105,530000
450107,530000
450108,530200
450109,530200
450110,530100
450123,532700
450124,530600
450125,530500
450126,530400
450127,530300
450200,545000
450202,545000
450203,545000
450204,545000
450205,545000
450206,545100
450222,545200
450223,545600
450224,545400
450225,545300
450226,545500
450300,541000
450302,541000
450303,541000
450304,541000
450305,541000
450311,541000
450312,541100
450321,541900
450323,541200
450324,541500
450325,541300
450326,541800
450327,541600
450328,541700
450329,541400
450330,542400
450332,542500
450381,546600
450400,543000
450403,543000
450405,543000
450406,543002
450421,543100
450422,543300
450423,546700
450481,543200
450500,536000
450502,536000
450503,536000
450512,536000
450521,536100
450600,538000
450602,538000
450603,538000
450621,535500
450681,538100
450700,535000
450702,535000
450703,535000
450721,535400
450722,535300
450800,537100
450802,537100
450803,537100
450804,537100
450821,537300
450881,537200
450900,537000
450902,537000
450903,537023
450921,537500
450922,537700
450923,537600
450924,537800
450981,537400
451000,533000
451002,533000
451003,533600
451022,531500
451023,533000
451024,533700
451026,533900
451027,533100
451028,533200
451029,533300
451030,533500
451031,533400
451081,533800
451100,542800
451102,542800
451103,542800
451121,546800
451122,542600
451123,542700
451200,547000
451202,547000
451203,546300
451221,547200
451222,547300
451223,547600
451224,547400
451225,546499
451226,547100
451227,547500
451228,530700
451229,530800
451300,546100
451302,546100
451321,546200
451322,545800
451323,545900
451324,545700
451381,546500
451400,532200
451402,532299
451421,532100
451422,532500
451423,532400
451424,532300
451425,532800
451481,532600
460000,570000
460100,570000
460105,570300
460106,570100
460107,571199
460108,570203
460200,572000
460202,572000
460203,572000
460204,572000
460205,572000
460300,573199
460321,573199
460322,573199
460323,573100
460400,571700
469000,572200
469001,572200
469002,571400
469005,571300
469006,571500
469007,572600
469021,571200
469022,571600
469023,571900
469024,571800
469025,572800
469026,572700
469027,572500
469028,572400
469029,572300
469030,572900
500000,400000
500100,400000
500101,404100
500102,408000
500103,400000
500104,400000
500105,400000
500106,400000
500107,400000
500108,400000
500109,400700
500110,400800
500111,400900
500112,401120
500113,401320
500114,409000
500115,401220
500116,402260
500117,401520
500118,402160
500119,408400
500120,402760
500151,402560
500152,402660
500153,402460
500154,405400
500155,405200
500156,408500
500200,405900
500229,405900
500230,408200
500231,408300
500233,404300
500235,404500
500236,404600
500237,404700
500238,405800
500240,409100
500241,409900
500242,409800
500243,409600
510000,610000
510100,610000
510104,610000
510105,610000
510106,610000
510107,610000
510108,610000
510112,610100
510113,610300
510114,610500
510115,611130
510116,610200
510117,611730
510121,610400
510129,611300
510131,611600
510132,611400
510181,611800
510182,611900
510183,611500
510184,611200
510185,641400
510300,643000
510302,643000
510303,643020
510304,643010
510311,643030
510321,643100
510322,643200
510400,617000
510402,617000
510403,617000
510411,617000
510421,617200
510422,617100
510500,646000
510502,646000
510503,646300
510504,646000
510521,646100
510522,646200
510524,646400
510525,646500
510600,618000
510603,618000
510604,618500
510623,618100
510681,618300
510682,618400
510683,618200
510700,621000
510703,621000
510704,621000
510705,622650
510722,621100
510723,621600
510725,622150
510726,622750
510727,622550
510781,621700
510800,628000
510802,628017
510811,628017
510812,628000
510821,628200
510822,628100
510823,628300
510824,628400
510900,629000
510903,629000
510904,629000
510921,629100
510923,629300
510981,629200
511000,641000
511002,641000
511011,641100
511024,642450
511025,641200
511071,641000
511083,642150
511100,614000
511102,614000
511111,614900
511112,614800
511113,614700
511123,614400
511124,613100
511126,614100
511129,614500
511132,614300
511133,614600
511181,614200
511300,637000
511302,637000
511303,637100
511304,637500
511321,637300
511322,637700
511323,637800
511324,637600
511325,637200
511381,637400
511400,620000
511402,620000
511403,620860
511421,620500
511423,620300
511424,620200
511425,620400
511500,644000
511502,644000
511503,644100
511504,644600
511523,644200
511524,644300
511525,645150
511526,644500
511527,645250
511528,644400
511529,645350
511600,638000
511602,638550
511603,638019
511621,638300
511622,638400
511623,638500
511681,409800
511700,635000
511702,635000
511703,635000
511722,636150
511723,636250
511724,635100
511725,635200
511771,635000
511781,636350
511800,625000
511802,625000
511803,625100
511822,625200
511823,625300
511824,625400
511825,625500
511826,625600
511827,625700
511900,636600
511902,636600
511903,636064
511921,636700
511922,635600
511923,636400
511971,636600
512000,641300
512002,641300
512021,642350
512022,641500
513200,624000
513201,624000
513221,623000
513222,623100
513223,623200
513224,623300
513225,623400
513226,624100
513227,624200
513228,623500
513230,624300
513231,624600
513232,624500
513233,624400
513300,626000
513301,626000
513322,626100
513323,626300
513324,616200
513325,627450
513326,626400
513327,626500
513328,626700
513329,626800
513330,627250
513331,627150
513332,627350
513333,626600
513334,624300
513335,627650
513336,627850
513337,627750
513338,627950
513400,615000
513401,615000
513422,615800
513423,615700
513424,615500
513425,615100
513426,615200
513427,615400
513428,615300
513429,615350
513430,616250
513431,616150
513432,616750
513433,615600
513434,616650
513435,616850
513436,616450
513437,616550
520000,550000
520100,550000
520102,550000
520103,550000
520111,550000
520112,550000
520113,550000
520115,550009
520121,550300
520122,551100
520123,550200
520181,551400
520200,553000
520201,553000
520203,553400
520221,553600
520281,553500
520300,563000
520302,563000
520303,563000
520304,563100
520322,563200
520323,563300
520324,563400
520325,563500
520326,564300
520327,564200
520328,564100
520329,564400
520330,564600
520381,564700
520382,564500
520400,561000
520402,561000
520403,561100
520422,562100
520423,561200
520424,561300
520425,550800
520500,551700
520502,551700
520521,551600
520522,551500
520523,551800
520524,552100
520525,553300
520526,553100
520527,553200
520600,554300
520602,554300
520603,554200
520621,554400
520622,554004
520623,555100
520624,565100
520625,555200
520626,565200
520627,565300
520628,554100
522300,562400
522301,562400
522302,562300
522323,561500
522324,561400
522325,562200
522326,552300
522327,552200
522328,552400
522600,556000
522601,556000
522622,556100
522623,556200
522624,556500
522625,557700
522626,557800
522627,556600
522628,556700
522629,556400
522630,556300
522631,557300
522632,557200
522633,557400
522634,557100
522635,557600
522636,557500
522700,558000
522701,558000
522702,550500
522722,558400
522723,551300
522725,550400
522726,558200
522727,558300
522728,550100
522729,550700
522730,551200
522731,550600
522732,558100
530000,650000
530100,650000
530102,650000
530103,650000
530111,650200
530112,650100
530113,654100
530114,650500
530115,650600
530124,650400
530125,652100
530126,652200
530127,651700
530128,651500
530129,655200
530181,650300
530300,655000
530302,655000
530303,655331
530304,655100
530322,655600
530323,655700
530324,655800
530325,655500
530326,654200
530381,655400
530400,653100
530402,653100
530403,652600
530422,653100
530423,652700
530424,652800
530425,651100
530426,653200
530427,653400
530428,653300
530500,678000
530502,678000
530521,678200
530523,678300
530524,678100
530581,679100
530600,657000
530602,657000
530621,657100
530622,654600
530623,657500
530624,657400
530625,657300
530626,657700
530627,657200
530628,657600
530629,657900
530681,657800
530700,674100
530702,674100
530721,674100
530722,674200
530723,674800
530724,674300
530800,665000
530802,665000
530821,665100
530822,654800
530823,676200
530824,666400
530825,666500
530826,665900
530827,665800
530828,665600
530829,665700
530900,677000
530902,677000
530921,675900
530922,675800
530923,677600
530924,677700
530925,677300
530926,677500
530927,677400
532300,675000
532301,675000
532322,675100
532323,675500
532324,675200
532325,675300
532326,675400
532327,651400
532328,651300
532329,651600
532331,651200
532500,661400
532501,661000
532502,661600
532503,661101
532504,652300
532523,661200
532524,654300
532525,662200
532527,652400
532528,662400
532529,654400
532530,661500
532531,662500
532532,661300
532600,663000
532601,663000
532622,663100
532623,663500
532624,663600
532625,663700
532626,663200
532627,663300
532628,663400
532800,666100
532801,666100
532822,666200
532823,666300
532900,671000
532901,671000
532922,672500
532923,672100
532924,671600
532925,675600
532926,675700
532927,672400
532928,672600
532929,672700
532930,671200
532931,671300
532932,671500
533100,678400
533102,678600
533103,678400
533122,679200
533123,679300
533124,678700
533300,673100
533301,673200
533323,673400
533324,673500
533325,671400
533400,674400
533401,674400
533422,674500
533423,674600
540000,850000
540100,850000
540102,850000
540103,851400
540104,850100
540121,851600
540122,851500
540123,851600
540124,850600
540127,850200
540171,850000
540172,850000
540173,850000
540174,850000
540200,857000
540202,857000
540221,857100
540222,857400
540223,858200
540224,857800
540225,858100
540226,858500
540227,858900
540228,857300
540229,857200
540230,857500
540231,857900
540232,858800
540233,857600
540234,858700
540235,858300
540236,857800
540237,857700
540300,854000
540302,854000
540321,854100
540322,854200
540323,855600
540324,855700
540325,854300
540326,854600
540327,854400
540328,854500
540329,855400
540330,855500
540400,860000
540402,860100
540421,860200
540422,860500
540423,860700
540424,860300
540425,860600
540426,860400
540500,856000
540502,856100
540521,850800
540522,850700
540523,856200
540524,856800
540525,856300
540526,856900
540527,851200
540528,856400
540529,856600
540530,856700
540531,851100
540600,852000
540602,852000
540621,852400
540622,852300
540623,853500
540624,853400
540625,853100
540626,852200
540627,852500
540628,852100
540629,853200
540630,852600
542500,859000
542521,859500
542522,859600
542523,859000
542524,859700
542525,859100
542526,859200
542527,859300
610000,710000
610100,710000
610102,710000
610103,710000
610104,710000
610111,710000
610112,710000
610113,710000
610114,710000
610115,710600
610116,710100
610117,710200
610118,710300
610122,710500
610124,710400
610200,727000
610202,727000
610203,727007
610204,727100
610222,727200
610300,721000
610302,721000
610303,721000
610304,721300
610322,721400
610323,722400
610324,722200
610326,722300
610327,721200
610328,721100
610329,721500
610330,721700
610331,721600
610400,712000
610402,712000
610403,712100
610404,712000
610422,713800
610423,713700
610424,713300
610425,713200
610426,713400
610428,713600
610429,711300
610430,711200
610431,712200
610481,713100
610482,713500
610500,714000
610502,714000
610503,714100
610522,714300
610523,715100
610524,715300
610525,715200
610526,715500
610527,715600
610528,711700
610581,715400
610582,714200
610600,716000
610602,716000
610603,717400
610621,717100
610622,717200
610625,717500
610626,717600
610627,716100
610628,727500
610629,727400
610630,716200
610631,715700
610632,727300
610681,717300
610700,723000
610702,723000
610703,723100
610722,723200
610723,723300
610724,723500
610725,724200
610726,724400
610727,724300
610728,723600
610729,724100
610730,723400
610800,719000
610802,719000
610803,719200
610822,719400
610824,718500
610825,718600
610826,718000
610827,718100
610828,719200
610829,718200
610830,718300
610831,718400
610881,719300
610900,725000
610902,725000
610921,725100
610922,725200
610923,711600
610924,725300
610925,725400
610926,725500
610927,725600
610928,725700
610929,725800
611000,726000
611002,726000
611021,726100
611022,726200
611023,726300
611024,726400
611025,711500
611026,711400
620000,730000
620100,730000
620102,730030
620103,730050
620104,730060
620105,730070
620111,730080
620121,730300
620122,730200
620123,730100
620171,730000
620200,735100
620201,735100
620300,737100
620302,737100
620321,737200
620400,730900
620402,730900
620403,730913
620421,730600
620422,730700
620423,730400
620500,741000
620502,741000
620503,741020
620521,741400
620522,741600
620523,741200
620524,741300
620525,741500
620600,733000
620602,733000
620621,733300
620622,733100
620623,733200
620700,734000
620702,734000
620721,734400
620722,734500
620723,734200
620724,734300
620725,734100
620800,744000
620802,744000
620821,744300
620822,744400
620823,744200
620825,744600
620826,743400
620881,744100
620900,735000
620902,735000
620921,735300
620922,736100
620923,736300
620924,736400
620981,735200
620982,736200
621000,745000
621002,745000
621021,745100
621022,745700
621023,745600
621024,745400
621025,745300
621026,745200
621027,744500
621100,743000
621102,744300
621121,743300
621122,748100
621123,748200
621124,730500
621125,748300
621126,748400
621200,742500
621202,746000
621221,742500
621222,746400
621223,748500
621224,746500
621225,742100
621226,742200
621227,742300
621228,742400
622900,731100
622901,731100
622921,731800
622922,731500
622923,731600
622924,731300
622925,731200
622926,731400
622927,731700
623000,747000
623001,747000
623021,747500
623022,747600
623023,746300
623024,747400
623025,747300
623026,747200
623027,747100
630000,810000
630100,810000
630102,810000
630103,810000
630104,810000
630105,810000
630121,810100
630122,810000
630123,812100
630200,810600
630202,810700
630203,810600
630222,810800
630223,810500
630224,810900
630225,811100
632200,812200
632221,810300
632222,810400
632223,812200
632224,812300
632300,811300
632321,811300
632322,811200
632323,811400
632324,811500
632500,813000
632521,813000
632522,813200
632523,811700
632524,813300
632525,813100
632600,814000
632621,814000
632622,814300
632623,814100
632624,814200
632625,624700
632626,813500
632700,815000
632701,815000
632722,815300
632723,815100
632724,815400
632725,815200
632726,815500
632800,817000
632801,816000
632802,817000
632803,817400
632821,817100
632822,816100
632823,817200
632857,817000
640000,750000
640100,750000
640104,750000
640105,750000
640106,750000
640121,750100
640122,750200
640181,751400
640200,753000
640202,753000
640205,753600
640221,753400
640300,751100
640302,751100
640303,751900
640323,751500
640324,751300
640381,751600
640400,756000
640402,756000
640422,756200
640423,756300
640424,756400
640425,756500
640500,755000
640502,755000
640521,755100
640522,755200
650000,830000
650100,830000
650102,830000
650103,830000
650104,830000
650105,830000
650106,830000
650107,830039
650109,830019
650121,830000
650200,834000
650202,833600
650203,834000
650204,834008
650205,834014
650400,838000
650402,838000
650421,838200
650422,838100
650500,839000
650502,839000
650521,839200
650522,839300
652300,831100
652301,831100
652302,831500
652323,831200
652324,832200
652325,831800
652327,831700
652328,831900
652700,833400
652701,833400
652702,833400
652722,833300
652723,833500
652800,841000
652801,841000
652822,841600
652823,841500
652824,841800
652825,841900
652826,841100
652827,841300
652828,841200
652829,841400
652871,841000
652900,843000
652901,843000
652922,843100
652923,843000
652924,842200
652925,842100
652926,842300
652927,843400
652928,843200
652929,843600
653000,845350
653001,845350
653022,845550
653023,843500
653024,845450
653100,844000
653101,844000
653121,844100
653122,844200
653123,844500
653124,844800
653125,844700
653126,844900
653127,844600
653128,844400
653129,844300
653130,843800
653131,845250
653200,848000
653201,848000
653221,848000
653222,848100
653223,845150
653224,848200
653225,848300
653226,848400
653227,848500
654000,835000
654002,835000
654003,833200
654004,835221
654021,835100
654022,835300
654023,835200
654024,835400
654025,835800
654026,835600
654027,835500
654028,835700
654200,834700
654201,834700
654202,833000
654221,834600
654223,832100
654224,834500
654225,834800
654226,834400
654300,836500
654301,836500
654321,836600
654322,836100
654323,836400
654324,836700
654325,836200
654326,836800
659000,832000
659001,832000
659002,843300
659003,843806
659004,831300
659006,836000